hashtag_H	cluster_C_leader(userID)	relative_frequency_H_C	frequency_H_in_C	frequency_H_overall	count_H_in_C	count_hashtags_in_C	count_H_entire_dataset	count_hashtags_entire_dataset
handsoffhitler	1046608631968538624	148.23529411764705897127	.92307692307692307692	.00622710622710622710	12	13	17	2730
stopkissinger	1046608631968538624	210.00000000000000019110	.07692307692307692307	.00036630036630036630	1	13	1	2730
handsoffhitler	1046608631968538624	148.23529411764705897127	.92307692307692307692	.00622710622710622710	12	13	17	2730
muskoka	1236324668640047105	12.18750000000000001023	.01785714285714285714	.00146520146520146520	2	112	4	2730
balafalls	1236324668640047105	24.37500000000000002047	.00892857142857142857	.00036630036630036630	1	112	1	2730
hydroplant	1236324668640047105	24.37500000000000002047	.00892857142857142857	.00036630036630036630	1	112	1	2730
muskokalakes	1236324668640047105	24.37500000000000002047	.00892857142857142857	.00036630036630036630	1	112	1	2730
bala	1236324668640047105	48.75000000000000004095	.01785714285714285714	.00036630036630036630	2	112	1	2730
bracebridge	1236324668640047105	24.37500000000000002047	.00892857142857142857	.00036630036630036630	1	112	1	2730
idu	1236324668640047105	2.03125000000000000170	.00892857142857142857	.00439560439560439560	1	112	12	2730
conservative	1236324668640047105	5.22321428571428571358	.05357142857142857142	.01025641025641025641	6	112	28	2730
nevervoteconservative	1236324668640047105	.91121495327102803745	.03571428571428571428	.03919413919413919413	4	112	107	2730
cdnpoli	1236324668640047105	1.17943548387096774188	.02678571428571428571	.02271062271062271062	3	112	62	2730
onpoli	1236324668640047105	.72400990099009900992	.02678571428571428571	.03699633699633699633	3	112	101	2730
abpoli	1236324668640047105	1.21875000000000000102	.00892857142857142857	.00732600732600732600	1	112	20	2730
neverforget	1236324668640047105	1.52343749999999999998	.01785714285714285714	.01172161172161172161	2	112	32	2730
nevervoteconservative	1236324668640047105	.91121495327102803745	.03571428571428571428	.03919413919413919413	4	112	107	2730
cdnpoli	1236324668640047105	1.17943548387096774188	.02678571428571428571	.02271062271062271062	3	112	62	2730
onpoli	1236324668640047105	.72400990099009900992	.02678571428571428571	.03699633699633699633	3	112	101	2730
iamcanadian	1236324668640047105	4.06250000000000000341	.00892857142857142857	.00219780219780219780	1	112	6	2730
istandwithtrudeau	1236324668640047105	2.43750000000000000204	.00892857142857142857	.00366300366300366300	1	112	10	2730
liberals	1236324668640047105	6.09375000000000000511	.01785714285714285714	.00293040293040293040	2	112	8	2730
trudeau	1236324668640047105	8.12500000000000000682	.01785714285714285714	.00219780219780219780	2	112	6	2730
philrioux	1236324668640047105	48.75000000000000004095	.01785714285714285714	.00036630036630036630	2	112	1	2730
philriouxtrucking	1236324668640047105	24.37500000000000002047	.00892857142857142857	.00036630036630036630	1	112	1	2730
trucker	1236324668640047105	12.18750000000000001023	.00892857142857142857	.00073260073260073260	1	112	2	2730
truckyou	1236324668640047105	12.18750000000000001023	.00892857142857142857	.00073260073260073260	1	112	2	2730
ottawa	1236324668640047105	.85827464788732394355	.04464285714285714285	.05201465201465201465	5	112	142	2730
quebec	1236324668640047105	4.87500000000000000409	.00892857142857142857	.00183150183150183150	1	112	5	2730
rightwing	1236324668640047105	1.05978260869565217480	.00892857142857142857	.00842490842490842490	1	112	23	2730
profits	1236324668640047105	1.80555555555555555707	.01785714285714285714	.00989010989010989010	2	112	27	2730
profitsoverpeople	1236324668640047105	1.52343750000000000127	.00892857142857142857	.00586080586080586080	1	112	16	2730
nevervoteconservative	1236324668640047105	.91121495327102803745	.03571428571428571428	.03919413919413919413	4	112	107	2730
childcare	1236324668640047105	6.96428571428571429156	.01785714285714285714	.00256410256410256410	2	112	7	2730
forthewealthy	1236324668640047105	24.37500000000000002047	.00892857142857142857	.00036630036630036630	1	112	1	2730
childcare	1236324668640047105	6.96428571428571429156	.01785714285714285714	.00256410256410256410	2	112	7	2730
liberals	1236324668640047105	6.09375000000000000511	.01785714285714285714	.00293040293040293040	2	112	8	2730
pmjt	1236324668640047105	12.18750000000000001023	.00892857142857142857	.00073260073260073260	1	112	2	2730
forthepeople	1236324668640047105	3.48214285714285714578	.01785714285714285714	.00512820512820512820	2	112	14	2730
cdnpoli	1236324668640047105	1.17943548387096774188	.02678571428571428571	.02271062271062271062	3	112	62	2730
ontario	1236324668640047105	1.68103448275862068948	.03571428571428571428	.02124542124542124542	4	112	58	2730
ford	1236324668640047105	16.25000000000000001592	.14285714285714285714	.00879120879120879120	16	112	24	2730
ottawaoccupied	1236324668640047105	3.04687500000000000255	.00892857142857142857	.00293040293040293040	1	112	8	2730
ottawaseige	1236324668640047105	3.04687500000000000255	.00892857142857142857	.00293040293040293040	1	112	8	2730
torontooccupation	1236324668640047105	24.37500000000000002047	.00892857142857142857	.00036630036630036630	1	112	1	2730
ford	1236324668640047105	16.25000000000000001592	.14285714285714285714	.00879120879120879120	16	112	24	2730
whereisdougford	1236324668640047105	1.52343750000000000127	.00892857142857142857	.00586080586080586080	1	112	16	2730
nevervoteconservative	1236324668640047105	.91121495327102803745	.03571428571428571428	.03919413919413919413	4	112	107	2730
neverforget	1236324668640047105	1.52343749999999999998	.01785714285714285714	.01172161172161172161	2	112	32	2730
conservative	1236324668640047105	5.22321428571428571358	.05357142857142857142	.01025641025641025641	6	112	28	2730
propaganda	1236324668640047105	24.37500000000000002047	.00892857142857142857	.00036630036630036630	1	112	1	2730
gobillsgo	1236324668640047105	24.37500000000000002047	.00892857142857142857	.00036630036630036630	1	112	1	2730
nfl	1236324668640047105	1.62500000000000000136	.00892857142857142857	.00549450549450549450	1	112	15	2730
bills	1236324668640047105	48.75000000000000004095	.01785714285714285714	.00036630036630036630	2	112	1	2730
kcvsbuf	1236324668640047105	24.37500000000000002047	.00892857142857142857	.00036630036630036630	1	112	1	2730
snowday	1236324668640047105	8.12500000000000000682	.00892857142857142857	.00109890109890109890	1	112	3	2730
snowdogs	1236324668640047105	24.37500000000000002047	.00892857142857142857	.00036630036630036630	1	112	1	2730
sledding	1236324668640047105	24.37500000000000002047	.00892857142857142857	.00036630036630036630	1	112	1	2730
snowshoeing	1236324668640047105	24.37500000000000002047	.00892857142857142857	.00036630036630036630	1	112	1	2730
lemmmmmmsnow	1236324668640047105	6.09375000000000000511	.00892857142857142857	.00146520146520146520	1	112	4	2730
ottawa	1236324668640047105	.85827464788732394355	.04464285714285714285	.05201465201465201465	5	112	142	2730
gatineau	1236324668640047105	24.37500000000000002047	.00892857142857142857	.00036630036630036630	1	112	1	2730
perth	1236324668640047105	4.06250000000000000341	.00892857142857142857	.00219780219780219780	1	112	6	2730
ontario	1236324668640047105	1.68103448275862068948	.03571428571428571428	.02124542124542124542	4	112	58	2730
djokovicted	1236324668640047105	12.18750000000000001023	.00892857142857142857	.00073260073260073260	1	112	2	2730
djokoviclied	1236324668640047105	24.37500000000000002047	.00892857142857142857	.00036630036630036630	1	112	1	2730
djokovid	1236324668640047105	24.37500000000000002047	.00892857142857142857	.00036630036630036630	1	112	1	2730
australianopen	1236324668640047105	12.18750000000000001023	.01785714285714285714	.00146520146520146520	2	112	4	2730
novakdjokovic	1236324668640047105	8.12500000000000000682	.00892857142857142857	.00109890109890109890	1	112	3	2730
antivaxxer	1236324668640047105	2.43750000000000000204	.00892857142857142857	.00366300366300366300	1	112	10	2730
unvaccinated	1236324668640047105	4.06250000000000000341	.00892857142857142857	.00219780219780219780	1	112	6	2730
covidiot	1236324668640047105	4.06250000000000000341	.00892857142857142857	.00219780219780219780	1	112	6	2730
djokovicgohome	1236324668640047105	4.87500000000000000409	.00892857142857142857	.00183150183150183150	1	112	5	2730
djokovicout	1236324668640047105	6.09375000000000000511	.01785714285714285714	.00293040293040293040	2	112	8	2730
djocovid	1236324668640047105	48.75000000000000004095	.01785714285714285714	.00036630036630036630	2	112	1	2730
ausopen	1236324668640047105	2.03125000000000000170	.00892857142857142857	.00439560439560439560	1	112	12	2730
australian	1236324668640047105	24.37500000000000002047	.02678571428571428571	.00109890109890109890	3	112	3	2730
deportdjokovic	1236324668640047105	12.18750000000000001023	.00892857142857142857	.00073260073260073260	1	112	2	2730
getvaccinated	1236324668640047105	3.48214285714285714578	.00892857142857142857	.00256410256410256410	1	112	7	2730
getvaxxed	1236324668640047105	24.37500000000000002047	.00892857142857142857	.00036630036630036630	1	112	1	2730
kindness	1236324668640047105	6.09375000000000000511	.00892857142857142857	.00146520146520146520	1	112	4	2730
vaccineswork	1236324668640047105	4.87500000000000000409	.00892857142857142857	.00183150183150183150	1	112	5	2730
covid19	1236324668640047105	.17410714285714285711	.01785714285714285714	.10256410256410256410	2	112	280	2730
skating	1236324668640047105	12.18750000000000001023	.00892857142857142857	.00073260073260073260	1	112	2	2730
rideaucanal	1236324668640047105	12.18750000000000001023	.00892857142857142857	.00073260073260073260	1	112	2	2730
ottawa	1236324668640047105	.85827464788732394355	.04464285714285714285	.05201465201465201465	5	112	142	2730
fun	1236324668640047105	24.37500000000000002047	.00892857142857142857	.00036630036630036630	1	112	1	2730
highway413	1236324668640047105	1.10795454545454545547	.00892857142857142857	.00805860805860805860	1	112	22	2730
bradfordbyprrrrrr	1236324668640047105	2.70833333333333333560	.00892857142857142857	.00329670329670329670	1	112	9	2730
voteliberal	1236324668640047105	.60937500000000000009	.00892857142857142857	.01465201465201465201	1	112	40	2730
forthepeople	1236324668640047105	3.48214285714285714578	.01785714285714285714	.00512820512820512820	2	112	14	2730
onpoli	1236324668640047105	.72400990099009900992	.02678571428571428571	.03699633699633699633	3	112	101	2730
dougford	1236324668640047105	1.43382352941176470593	.01785714285714285714	.01245421245421245421	2	112	34	2730
fordfailedkids	1236324668640047105	4.87500000000000000409	.00892857142857142857	.00183150183150183150	1	112	5	2730
fordfailednurses	1236324668640047105	24.37500000000000002047	.00892857142857142857	.00036630036630036630	1	112	1	2730
fordfaileddoctors	1236324668640047105	24.37500000000000002047	.00892857142857142857	.00036630036630036630	1	112	1	2730
fordfailedhealthcare	1236324668640047105	8.12500000000000000682	.00892857142857142857	.00109890109890109890	1	112	3	2730
fordfailedthepeople	1236324668640047105	2.86764705882352941417	.01785714285714285714	.00622710622710622710	2	112	17	2730
fordfailededucation	1236324668640047105	24.37500000000000002047	.00892857142857142857	.00036630036630036630	1	112	1	2730
fordfailedontario	1236324668640047105	2.03125000000000000170	.01785714285714285714	.00879120879120879120	2	112	24	2730
australianopen2022	1236324668640047105	12.18750000000000001023	.00892857142857142857	.00073260073260073260	1	112	2	2730
djokovicout	1236324668640047105	6.09375000000000000511	.01785714285714285714	.00293040293040293040	2	112	8	2730
covid19aus	1236324668640047105	24.37500000000000002047	.00892857142857142857	.00036630036630036630	1	112	1	2730
novaxdjocovid	1236324668640047105	24.37500000000000002047	.00892857142857142857	.00036630036630036630	1	112	1	2730
triplevaxxed	1236324668640047105	24.37500000000000002047	.00892857142857142857	.00036630036630036630	1	112	1	2730
boosterdose	1236324668640047105	4.87500000000000000409	.00892857142857142857	.00183150183150183150	1	112	5	2730
omicron	1236324668640047105	.44318181818181818175	.00892857142857142857	.02014652014652014652	1	112	55	2730
buckabeer	1236324668640047105	2.70833333333333333560	.00892857142857142857	.00329670329670329670	1	112	9	2730
fireford	1236324668640047105	8.12500000000000000682	.00892857142857142857	.00109890109890109890	1	112	3	2730
firelecce	1236324668640047105	24.37500000000000002047	.00892857142857142857	.00036630036630036630	1	112	1	2730
firedrmoore	1236324668640047105	24.37500000000000002047	.00892857142857142857	.00036630036630036630	1	112	1	2730
fireelliott	1236324668640047105	24.37500000000000002047	.00892857142857142857	.00036630036630036630	1	112	1	2730
fordfailedthepeople	1236324668640047105	2.86764705882352941417	.01785714285714285714	.00622710622710622710	2	112	17	2730
fordfailedontario	1236324668640047105	2.03125000000000000170	.01785714285714285714	.00879120879120879120	2	112	24	2730
ford	1236324668640047105	16.25000000000000001592	.14285714285714285714	.00879120879120879120	16	112	24	2730
n95	1241938664	12.78688524590163934534	.28571428571428571428	.02234432234432234432	2	7	61	2730
covidisairborne	1241938664	4.48275862068965517258	.14285714285714285714	.03186813186813186813	1	7	87	2730
n95masks	1241938664	195.00000000000000019110	.14285714285714285714	.00073260073260073260	1	7	2	2730
bonniehenry	1241938664	20.52631578947368423064	.14285714285714285714	.00695970695970695970	1	7	19	2730
bcpoli	1241938664	2.19101123595505617990	.14285714285714285714	.06520146520146520146	1	7	178	2730
bced	1241938664	3.07086614173228346493	.14285714285714285714	.04652014652014652014	1	7	127	2730
covid19bc	1241938664	3.19672131147540983633	.14285714285714285714	.04468864468864468864	1	7	122	2730
covidisntover	1443759943	4.70689655172413793541	.03448275862068965517	.00732600732600732600	1	29	20	2730
vaccinessavelives	1443759943	18.82758620689655174164	.03448275862068965517	.00183150183150183150	1	29	5	2730
standwithukraine	1443759943	.88530969624905415629	.10344827586206896551	.11684981684981684981	3	29	319	2730
putinhitler	1443759943	.65830721003134796236	.10344827586206896551	.15714285714285714285	3	29	429	2730
putinwarcriminal	1443759943	.49286874887163747972	.03448275862068965517	.06996336996336996336	1	29	191	2730
stopputinnow	1443759943	1.30747126436781609201	.10344827586206896551	.07912087912087912087	3	29	216	2730
russiasanctions	1443759943	1.33845399575093969606	.10344827586206896551	.07728937728937728937	3	29	211	2730
boycottrussia	1443759943	1.36431784107946026987	.10344827586206896551	.07582417582417582417	3	29	207	2730
putinhitler	1443759943	.65830721003134796236	.10344827586206896551	.15714285714285714285	3	29	429	2730
standwithukraine	1443759943	.88530969624905415629	.10344827586206896551	.11684981684981684981	3	29	319	2730
stopputinnow	1443759943	1.30747126436781609201	.10344827586206896551	.07912087912087912087	3	29	216	2730
russiasanctions	1443759943	1.33845399575093969606	.10344827586206896551	.07728937728937728937	3	29	211	2730
boycottrussia	1443759943	1.36431784107946026987	.10344827586206896551	.07582417582417582417	3	29	207	2730
genocide	1443759943	1.55599886007409518385	.06896551724137931034	.04432234432234432234	2	29	121	2730
gaza	1443759943	7.53103448275862069665	.06896551724137931034	.00915750915750915750	2	29	25	2730
idlib	1443759943	8.96551724137931035316	.06896551724137931034	.00769230769230769230	2	29	21	2730
yemen	1443759943	9.41379310344827587082	.06896551724137931034	.00732600732600732600	2	29	20	2730
ukraine	1443759943	5.06117908787541713068	.17241379310344827586	.03406593406593406593	5	29	93	2730
standwithukraine	1443759943	.88530969624905415629	.10344827586206896551	.11684981684981684981	3	29	319	2730
putinhitler	1443759943	.65830721003134796236	.10344827586206896551	.15714285714285714285	3	29	429	2730
putinwarcrimes	1443759943	10.45977011494252874535	.03448275862068965517	.00329670329670329670	1	29	9	2730
stopputinnow	1443759943	1.30747126436781609201	.10344827586206896551	.07912087912087912087	3	29	216	2730
russiasanctions	1443759943	1.33845399575093969606	.10344827586206896551	.07728937728937728937	3	29	211	2730
boycottrussia	1443759943	1.36431784107946026987	.10344827586206896551	.07582417582417582417	3	29	207	2730
genocide	1443759943	1.55599886007409518385	.06896551724137931034	.04432234432234432234	2	29	121	2730
gaza	1443759943	7.53103448275862069665	.06896551724137931034	.00915750915750915750	2	29	25	2730
idlib	1443759943	8.96551724137931035316	.06896551724137931034	.00769230769230769230	2	29	21	2730
yemen	1443759943	9.41379310344827587082	.06896551724137931034	.00732600732600732600	2	29	20	2730
ukraine	1443759943	5.06117908787541713068	.17241379310344827586	.03406593406593406593	5	29	93	2730
trumpcoupattempt	19739126	18.95833333333333335039	.05555555555555555555	.00293040293040293040	2	36	8	2730
sad	19739126	37.91666666666666669396	.02777777777777777777	.00073260073260073260	1	36	2	2730
trumpcoupattempt	19739126	18.95833333333333335039	.05555555555555555555	.00293040293040293040	2	36	8	2730
republicansaretraitors	19739126	75.83333333333333338793	.02777777777777777777	.00036630036630036630	1	36	1	2730
trumptraitor	19739126	75.83333333333333340158	.05555555555555555555	.00073260073260073260	2	36	2	2730
insurrectionist	19739126	75.83333333333333340158	.05555555555555555555	.00073260073260073260	2	36	2	2730
insurrectionhasconsequences	19739126	37.91666666666666670079	.05555555555555555555	.00146520146520146520	2	36	4	2730
shameonkevinmccarthy	19739126	75.83333333333333340158	.05555555555555555555	.00073260073260073260	2	36	2	2730
mccarthyisaweakman	19739126	75.83333333333333340158	.05555555555555555555	.00073260073260073260	2	36	2	2730
kevinmccarthylowlif	19739126	75.83333333333333340158	.05555555555555555555	.00073260073260073260	2	36	2	2730
lockhimup	19739126	37.91666666666666670079	.05555555555555555555	.00146520146520146520	2	36	4	2730
kevinmccarthyresign	19739126	75.83333333333333340158	.05555555555555555555	.00073260073260073260	2	36	2	2730
kevinmccarthyisathreattoamericandemocracy	19739126	75.83333333333333340158	.05555555555555555555	.00073260073260073260	2	36	2	2730
shameonmccarthy	19739126	75.83333333333333340158	.05555555555555555555	.00073260073260073260	2	36	2	2730
shameonrebuplicans	19739126	75.83333333333333340158	.05555555555555555555	.00073260073260073260	2	36	2	2730
trumptraitor	19739126	75.83333333333333340158	.05555555555555555555	.00073260073260073260	2	36	2	2730
insurrectionist	19739126	75.83333333333333340158	.05555555555555555555	.00073260073260073260	2	36	2	2730
insurrectionhasconsequences	19739126	37.91666666666666670079	.05555555555555555555	.00146520146520146520	2	36	4	2730
shameonkevinmccarthy	19739126	75.83333333333333340158	.05555555555555555555	.00073260073260073260	2	36	2	2730
mccarthyisaweakman	19739126	75.83333333333333340158	.05555555555555555555	.00073260073260073260	2	36	2	2730
kevinmccarthylowlif	19739126	75.83333333333333340158	.05555555555555555555	.00073260073260073260	2	36	2	2730
lockhimup	19739126	37.91666666666666670079	.05555555555555555555	.00146520146520146520	2	36	4	2730
kevinmccarthyresign	19739126	75.83333333333333340158	.05555555555555555555	.00073260073260073260	2	36	2	2730
kevinmccarthyisathreattoamericandemocracy	19739126	75.83333333333333340158	.05555555555555555555	.00073260073260073260	2	36	2	2730
shameonmccarthy	19739126	75.83333333333333340158	.05555555555555555555	.00073260073260073260	2	36	2	2730
shameonrebuplicans	19739126	75.83333333333333340158	.05555555555555555555	.00073260073260073260	2	36	2	2730
kevinslies	19739126	75.83333333333333338793	.02777777777777777777	.00036630036630036630	1	36	1	2730
partyoflies	19739126	30.33333333333333336336	.11111111111111111111	.00366300366300366300	4	36	10	2730
medicare4all	19739126	75.83333333333333338793	.02777777777777777777	.00036630036630036630	1	36	1	2730
climatecrisis	19739126	2.70833333333333333329	.08333333333333333333	.03076923076923076923	3	36	84	2730
partyoflies	19739126	30.33333333333333336336	.11111111111111111111	.00366300366300366300	4	36	10	2730
leaveitintheground	19739126	75.83333333333333338793	.02777777777777777777	.00036630036630036630	1	36	1	2730
paralympics2022	26347394	47.06896551724137935411	.03448275862068965517	.00073260073260073260	2	58	2	2730
paralympic	26347394	117.67241379310344839212	.08620689655172413793	.00073260073260073260	5	58	2	2730
gocanadago	26347394	38.51097178683385583642	.15517241379310344827	.00402930402930402930	9	58	11	2730
paralympics	26347394	141.20689655172413804870	.05172413793103448275	.00036630036630036630	3	58	1	2730
beijing	26347394	235.34482758620689678424	.08620689655172413793	.00036630036630036630	5	58	1	2730
banrpc	26347394	47.06896551724137934046	.01724137931034482758	.00036630036630036630	1	58	1	2730
banrussia	26347394	47.06896551724137934046	.01724137931034482758	.00036630036630036630	1	58	1	2730
ukraine	26347394	3.03670745272525027823	.10344827586206896551	.03406593406593406593	6	58	93	2730
paralympics2022	26347394	47.06896551724137935411	.03448275862068965517	.00073260073260073260	2	58	2	2730
standwithukraine️	26347394	9.41379310344827586809	.01724137931034482758	.00183150183150183150	1	58	5	2730
paralympic	26347394	117.67241379310344839212	.08620689655172413793	.00073260073260073260	5	58	2	2730
beijing2022	26347394	26.89655172413793105949	.06896551724137931034	.00256410256410256410	4	58	7	2730
kyiv	26347394	9.41379310344827586809	.01724137931034482758	.00183150183150183150	1	58	5	2730
ukraineinvasion	26347394	7.84482758620689655674	.01724137931034482758	.00219780219780219780	1	58	6	2730
ukraineunderattack	26347394	15.68965517241379311348	.01724137931034482758	.00109890109890109890	1	58	3	2730
istandwithukraine	26347394	5.88362068965517241755	.01724137931034482758	.00293040293040293040	1	58	8	2730
ukrainerussia	26347394	47.06896551724137934046	.01724137931034482758	.00036630036630036630	1	58	1	2730
canada	26347394	10.45977011494252873780	.27586206896551724137	.02637362637362637362	16	58	72	2730
hockeycanada	26347394	47.06896551724137935411	.03448275862068965517	.00073260073260073260	2	58	2	2730
beijing2022	26347394	26.89655172413793105949	.06896551724137931034	.00256410256410256410	4	58	7	2730
gocanadago	26347394	38.51097178683385583642	.15517241379310344827	.00402930402930402930	9	58	11	2730
women	26347394	33.62068965517241382632	.08620689655172413793	.00256410256410256410	5	58	7	2730
hockeytwitter	26347394	31.37931034482758623607	.03448275862068965517	.00109890109890109890	2	58	3	2730
hockeycanada	26347394	47.06896551724137935411	.03448275862068965517	.00073260073260073260	2	58	2	2730
going4gold	26347394	47.06896551724137935411	.03448275862068965517	.00073260073260073260	2	58	2	2730
beijing2022	26347394	26.89655172413793105949	.06896551724137931034	.00256410256410256410	4	58	7	2730
icehockey	26347394	23.53448275862068967023	.01724137931034482758	.00073260073260073260	1	58	2	2730
teamjones	26347394	47.06896551724137934046	.01724137931034482758	.00036630036630036630	1	58	1	2730
gocanadago	26347394	38.51097178683385583642	.15517241379310344827	.00402930402930402930	9	58	11	2730
curling	26347394	23.53448275862068967023	.01724137931034482758	.00073260073260073260	1	58	2	2730
teamjenniferjones	26347394	47.06896551724137934046	.01724137931034482758	.00036630036630036630	1	58	1	2730
canada	26347394	10.45977011494252873780	.27586206896551724137	.02637362637362637362	16	58	72	2730
captain	26347394	47.06896551724137934046	.01724137931034482758	.00036630036630036630	1	58	1	2730
canada	26347394	10.45977011494252873780	.27586206896551724137	.02637362637362637362	16	58	72	2730
women	26347394	33.62068965517241382632	.08620689655172413793	.00256410256410256410	5	58	7	2730
hockey	26347394	188.27586206896551741647	.13793103448275862068	.00073260073260073260	8	58	2	2730
hockeytwitter	26347394	31.37931034482758623607	.03448275862068965517	.00109890109890109890	2	58	3	2730
going4gold	26347394	47.06896551724137935411	.03448275862068965517	.00073260073260073260	2	58	2	2730
olympics	26347394	15.68965517241379311348	.01724137931034482758	.00109890109890109890	1	58	3	2730
beijing2022	26347394	26.89655172413793105949	.06896551724137931034	.00256410256410256410	4	58	7	2730
gocanadago	26347394	38.51097178683385583642	.15517241379310344827	.00402930402930402930	9	58	11	2730
monobob	26347394	47.06896551724137934046	.01724137931034482758	.00036630036630036630	1	58	1	2730
women	26347394	33.62068965517241382632	.08620689655172413793	.00256410256410256410	5	58	7	2730
olympicgames	26347394	15.68965517241379311348	.01724137931034482758	.00109890109890109890	1	58	3	2730
gocanadago	26347394	38.51097178683385583642	.15517241379310344827	.00402930402930402930	9	58	11	2730
womenshockey	26347394	31.37931034482758623607	.03448275862068965517	.00109890109890109890	2	58	3	2730
maskup	26347394	.81153388822829964303	.01724137931034482758	.02124542124542124542	1	58	58	2730
gocanadago	26347394	38.51097178683385583642	.15517241379310344827	.00402930402930402930	9	58	11	2730
womenshockey	26347394	31.37931034482758623607	.03448275862068965517	.00109890109890109890	2	58	3	2730
canada	26347394	10.45977011494252873780	.27586206896551724137	.02637362637362637362	16	58	72	2730
go4gold	26347394	47.06896551724137934046	.01724137931034482758	.00036630036630036630	1	58	1	2730
gocanadago	26347394	38.51097178683385583642	.15517241379310344827	.00402930402930402930	9	58	11	2730
gold	26347394	37.65517241379310348329	.06896551724137931034	.00183150183150183150	4	58	5	2730
ausopen	26347394	3.92241379310344827837	.01724137931034482758	.00439560439560439560	1	58	12	2730
australiaday	26347394	47.06896551724137934046	.01724137931034482758	.00036630036630036630	1	58	1	2730
canadaday	26347394	47.06896551724137934046	.01724137931034482758	.00036630036630036630	1	58	1	2730
putinhitler	2904241896	2.86363636363636363649	.45000000000000000000	.15714285714285714285	9	20	429	2730
genocide	2904241896	3.38429752066115702512	.15000000000000000000	.04432234432234432234	3	20	121	2730
putin	2904241896	19.75657894736842105819	.55000000000000000000	.02783882783882783882	11	20	76	2730
putinhitler	2904241896	2.86363636363636363649	.45000000000000000000	.15714285714285714285	9	20	429	2730
genocide	2904241896	3.38429752066115702512	.15000000000000000000	.04432234432234432234	3	20	121	2730
putinhitler	2904241896	2.86363636363636363649	.45000000000000000000	.15714285714285714285	9	20	429	2730
buchamrrrrrracre	2904241896	45.50000000000000004550	.05000000000000000000	.00109890109890109890	1	20	3	2730
standwithukraine	2904241896	.85579937304075235114	.10000000000000000000	.11684981684981684981	2	20	319	2730
putinhitler	2904241896	2.86363636363636363649	.45000000000000000000	.15714285714285714285	9	20	429	2730
stopputin	2904241896	13.65000000000000001365	.05000000000000000000	.00366300366300366300	1	20	10	2730
putinhitler	2904241896	2.86363636363636363649	.45000000000000000000	.15714285714285714285	9	20	429	2730
genocide	2904241896	3.38429752066115702512	.15000000000000000000	.04432234432234432234	3	20	121	2730
putinhitler	2904241896	2.86363636363636363649	.45000000000000000000	.15714285714285714285	9	20	429	2730
rape	2904241896	22.75000000000000002275	.05000000000000000000	.00219780219780219780	1	20	6	2730
torture	2904241896	9.10000000000000000910	.05000000000000000000	.00549450549450549450	1	20	15	2730
murder	2904241896	27.30000000000000002730	.05000000000000000000	.00183150183150183150	1	20	5	2730
putinhitler	2904241896	2.86363636363636363649	.45000000000000000000	.15714285714285714285	9	20	429	2730
standwithukraine	2904241896	.85579937304075235114	.10000000000000000000	.11684981684981684981	2	20	319	2730
you	306832085	44.03225806451612906528	.03225806451612903225	.00073260073260073260	1	31	2	2730
putinhitler	306832085	1.23167155425219941349	.19354838709677419354	.15714285714285714285	6	31	429	2730
standwithukraine	306832085	1.10425725553645464662	.12903225806451612903	.11684981684981684981	4	31	319	2730
stopputinnow	306832085	1.63082437275985663098	.12903225806451612903	.07912087912087912087	4	31	216	2730
russiasanctions	306832085	1.66946950007644091130	.12903225806451612903	.07728937728937728937	4	31	211	2730
boycottrussia	306832085	1.70172978027115474530	.12903225806451612903	.07582417582417582417	4	31	207	2730
genocide	306832085	1.45561183684350839776	.06451612903225806451	.04432234432234432234	2	31	121	2730
gaza	306832085	3.52258064516129032522	.03225806451612903225	.00915750915750915750	1	31	25	2730
idlib	306832085	4.19354838709677419669	.03225806451612903225	.00769230769230769230	1	31	21	2730
yemen	306832085	4.40322580645161290652	.03225806451612903225	.00732600732600732600	1	31	20	2730
mariupol	306832085	3.66935483870967742210	.03225806451612903225	.00879120879120879120	1	31	24	2730
putinhitler	306832085	1.23167155425219941349	.19354838709677419354	.15714285714285714285	6	31	429	2730
standwithukraine	306832085	1.10425725553645464662	.12903225806451612903	.11684981684981684981	4	31	319	2730
russiasanctions	306832085	1.66946950007644091130	.12903225806451612903	.07728937728937728937	4	31	211	2730
boycottrussia	306832085	1.70172978027115474530	.12903225806451612903	.07582417582417582417	4	31	207	2730
stopputinnow	306832085	1.63082437275985663098	.12903225806451612903	.07912087912087912087	4	31	216	2730
genocide	306832085	1.45561183684350839776	.06451612903225806451	.04432234432234432234	2	31	121	2730
putinhitler	306832085	1.23167155425219941349	.19354838709677419354	.15714285714285714285	6	31	429	2730
standwithukraine	306832085	1.10425725553645464662	.12903225806451612903	.11684981684981684981	4	31	319	2730
putinhitler	306832085	1.23167155425219941349	.19354838709677419354	.15714285714285714285	6	31	429	2730
putinwarcriminal	306832085	.92214153014693463946	.06451612903225806451	.06996336996336996336	2	31	191	2730
stopputinnow	306832085	1.63082437275985663098	.12903225806451612903	.07912087912087912087	4	31	216	2730
russiasanctions	306832085	1.66946950007644091130	.12903225806451612903	.07728937728937728937	4	31	211	2730
boycottrussia	306832085	1.70172978027115474530	.12903225806451612903	.07582417582417582417	4	31	207	2730
putinhitler	306832085	1.23167155425219941349	.19354838709677419354	.15714285714285714285	6	31	429	2730
standwithukraine	306832085	1.10425725553645464662	.12903225806451612903	.11684981684981684981	4	31	319	2730
putinhitler	306832085	1.23167155425219941349	.19354838709677419354	.15714285714285714285	6	31	429	2730
putinwarcriminal	306832085	.92214153014693463946	.06451612903225806451	.06996336996336996336	2	31	191	2730
stopputinnow	306832085	1.63082437275985663098	.12903225806451612903	.07912087912087912087	4	31	216	2730
russiasanctions	306832085	1.66946950007644091130	.12903225806451612903	.07728937728937728937	4	31	211	2730
boycottrussia	306832085	1.70172978027115474530	.12903225806451612903	.07582417582417582417	4	31	207	2730
genocide	3300678755	6.26721763085399449079	.27777777777777777777	.04432234432234432234	5	18	121	2730
rrrrrrad	3300678755	28.69369369369369370056	.38888888888888888888	.01355311355311355311	7	18	37	2730
putin	3300678755	3.99122807017543859757	.11111111111111111111	.02783882783882783882	2	18	76	2730
rrrrrrad	3300678755	28.69369369369369370056	.38888888888888888888	.01355311355311355311	7	18	37	2730
genocide	3300678755	6.26721763085399449079	.27777777777777777777	.04432234432234432234	5	18	121	2730
syria	3300678755	10.11111111111111112021	.05555555555555555555	.00549450549450549450	1	18	15	2730
rrrrrrad	3300678755	28.69369369369369370056	.38888888888888888888	.01355311355311355311	7	18	37	2730
torture	3300678755	20.22222222222222224224	.11111111111111111111	.00549450549450549450	2	18	15	2730
genocide	3300678755	6.26721763085399449079	.27777777777777777777	.04432234432234432234	5	18	121	2730
humanrights	3300678755	5.22988505747126436759	.05555555555555555555	.01062271062271062271	1	18	29	2730
rrrrrrad	3300678755	28.69369369369369370056	.38888888888888888888	.01355311355311355311	7	18	37	2730
torture	3300678755	20.22222222222222224224	.11111111111111111111	.00549450549450549450	2	18	15	2730
genocide	3300678755	6.26721763085399449079	.27777777777777777777	.04432234432234432234	5	18	121	2730
rrrrrrad	3300678755	28.69369369369369370056	.38888888888888888888	.01355311355311355311	7	18	37	2730
putin	3300678755	3.99122807017543859757	.11111111111111111111	.02783882783882783882	2	18	76	2730
rrrrrrad	3300678755	28.69369369369369370056	.38888888888888888888	.01355311355311355311	7	18	37	2730
apartheid	351120282	20.87647058823529411840	.65000000000000000000	.03113553113553113553	13	20	85	2730
haaretz	351120282	136.50000000000000013650	.05000000000000000000	.00036630036630036630	1	20	1	2730
civilians	351120282	136.50000000000000013650	.05000000000000000000	.00036630036630036630	1	20	1	2730
apartheid	351120282	20.87647058823529411840	.65000000000000000000	.03113553113553113553	13	20	85	2730
pedozionists	351120282	68.25000000000000006825	.05000000000000000000	.00073260073260073260	1	20	2	2730
apartheid	351120282	20.87647058823529411840	.65000000000000000000	.03113553113553113553	13	20	85	2730
semitic	351120282	45.50000000000000004550	.05000000000000000000	.00109890109890109890	1	20	3	2730
apartheid	351120282	20.87647058823529411840	.65000000000000000000	.03113553113553113553	13	20	85	2730
pedozionist	351120282	91.00000000000000009100	.10000000000000000000	.00109890109890109890	2	20	3	2730
fact	351120282	45.50000000000000004550	.05000000000000000000	.00109890109890109890	1	20	3	2730
southafrica	351120282	68.25000000000000006825	.05000000000000000000	.00073260073260073260	1	20	2	2730
dementia	381685461	130.00000000000000012740	.14285714285714285714	.00109890109890109890	2	14	3	2730
alz	381685461	260.00000000000000025480	.28571428571428571428	.00109890109890109890	4	14	3	2730
dementia	381685461	130.00000000000000012740	.14285714285714285714	.00109890109890109890	2	14	3	2730
alzheimers	381685461	97.50000000000000009555	.07142857142857142857	.00073260073260073260	1	14	2	2730
alz	381685461	260.00000000000000025480	.28571428571428571428	.00109890109890109890	4	14	3	2730
votefordout	381685461	2.11956521739130434801	.07142857142857142857	.03369963369963369963	1	14	92	2730
fordfailedthepeople	381685461	11.47058823529411765830	.07142857142857142857	.00622710622710622710	1	14	17	2730
fordfailedontario	381685461	8.12500000000000000796	.07142857142857142857	.00879120879120879120	1	14	24	2730
covidisntover	381685461	9.75000000000000000955	.07142857142857142857	.00732600732600732600	1	14	20	2730
covidisairborne	381685461	2.24137931034482758629	.07142857142857142857	.03186813186813186813	1	14	87	2730
maskmandate	381685461	4.53488372093023255970	.07142857142857142857	.01575091575091575091	1	14	43	2730
covid19	381685461	.69642857142857142857	.07142857142857142857	.10256410256410256410	1	14	280	2730
onpoli	381685461	1.93069306930693069339	.07142857142857142857	.03699633699633699633	1	14	101	2730
bodybagbonnie	471426839	15.00000000000000001470	.07142857142857142857	.00476190476190476190	1	14	13	2730
covid19bc	471426839	4.79508196721311475450	.21428571428571428571	.04468864468864468864	3	14	122	2730
bcpoli	471426839	5.47752808988764044976	.35714285714285714285	.06520146520146520146	5	14	178	2730
covid19bc	471426839	4.79508196721311475450	.21428571428571428571	.04468864468864468864	3	14	122	2730
bcpoli	471426839	5.47752808988764044976	.35714285714285714285	.06520146520146520146	5	14	178	2730
bced	471426839	3.07086614173228346493	.14285714285714285714	.04652014652014652014	2	14	127	2730
crimesagainsthumanity	471426839	43.33333333333333337580	.14285714285714285714	.00329670329670329670	2	14	9	2730
bced	471426839	3.07086614173228346493	.14285714285714285714	.04652014652014652014	2	14	127	2730
bcpoli	471426839	5.47752808988764044976	.35714285714285714285	.06520146520146520146	5	14	178	2730
crimesagainsthumanity	471426839	43.33333333333333337580	.14285714285714285714	.00329670329670329670	2	14	9	2730
bcpoli	471426839	5.47752808988764044976	.35714285714285714285	.06520146520146520146	5	14	178	2730
covid19	471426839	2.78571428571428571429	.28571428571428571428	.10256410256410256410	4	14	280	2730
covid19bc	471426839	4.79508196721311475450	.21428571428571428571	.04468864468864468864	3	14	122	2730
bcpoli	471426839	5.47752808988764044976	.35714285714285714285	.06520146520146520146	5	14	178	2730
vitt	728273994	49.41176470588235298935	.30769230769230769230	.00622710622710622710	4	13	17	2730
weekendvibes	728273994	105.00000000000000009555	.07692307692307692307	.00073260073260073260	1	13	2	2730
montypython	728273994	210.00000000000000019110	.07692307692307692307	.00036630036630036630	1	13	1	2730
motivation	728273994	210.00000000000000019110	.07692307692307692307	.00036630036630036630	1	13	1	2730
legend	728273994	84.00000000000000008190	.15384615384615384615	.00183150183150183150	2	13	5	2730
vaccinesideeffects	728273994	14.00000000000000001274	.07692307692307692307	.00549450549450549450	1	13	15	2730
nhsheroes	728273994	30.00000000000000002730	.07692307692307692307	.00256410256410256410	1	13	7	2730
rare	728273994	70.00000000000000006370	.07692307692307692307	.00109890109890109890	1	13	3	2730
vitt	728273994	49.41176470588235298935	.30769230769230769230	.00622710622710622710	4	13	17	2730
respect	728273994	17.50000000000000001592	.07692307692307692307	.00439560439560439560	1	13	12	2730
putinhitler	746652122	1.45454545454545454546	.22857142857142857142	.15714285714285714285	8	35	429	2730
genocide	746652122	1.28925619834710743798	.05714285714285714285	.04432234432234432234	2	35	121	2730
standwithukraine	746652122	.97805642633228840127	.11428571428571428571	.11684981684981684981	4	35	319	2730
putinhitler	746652122	1.45454545454545454546	.22857142857142857142	.15714285714285714285	8	35	429	2730
putinwarcriminal	746652122	1.63350785340314136142	.11428571428571428571	.06996336996336996336	4	35	191	2730
stopputinnow	746652122	1.44444444444444444455	.11428571428571428571	.07912087912087912087	4	35	216	2730
russiasanctions	746652122	1.47867298578199052141	.11428571428571428571	.07728937728937728937	4	35	211	2730
boycottrussia	746652122	1.50724637681159420295	.11428571428571428571	.07582417582417582417	4	35	207	2730
genocide	746652122	1.28925619834710743798	.05714285714285714285	.04432234432234432234	2	35	121	2730
gaza	746652122	3.12000000000000000218	.02857142857142857142	.00915750915750915750	1	35	25	2730
idlib	746652122	3.71428571428571428831	.02857142857142857142	.00769230769230769230	1	35	21	2730
yemen	746652122	3.90000000000000000273	.02857142857142857142	.00732600732600732600	1	35	20	2730
mariupol	746652122	3.25000000000000000227	.02857142857142857142	.00879120879120879120	1	35	24	2730
putinhitler	746652122	1.45454545454545454546	.22857142857142857142	.15714285714285714285	8	35	429	2730
standwithukraine	746652122	.97805642633228840127	.11428571428571428571	.11684981684981684981	4	35	319	2730
putinhitler	746652122	1.45454545454545454546	.22857142857142857142	.15714285714285714285	8	35	429	2730
putinwarcriminal	746652122	1.63350785340314136142	.11428571428571428571	.06996336996336996336	4	35	191	2730
stopputinnow	746652122	1.44444444444444444455	.11428571428571428571	.07912087912087912087	4	35	216	2730
russiasanctions	746652122	1.47867298578199052141	.11428571428571428571	.07728937728937728937	4	35	211	2730
boycottrussia	746652122	1.50724637681159420295	.11428571428571428571	.07582417582417582417	4	35	207	2730
putinhitler	746652122	1.45454545454545454546	.22857142857142857142	.15714285714285714285	8	35	429	2730
ukraine	746652122	4.19354838709677419396	.14285714285714285714	.03406593406593406593	5	35	93	2730
standwithukraine	746652122	.97805642633228840127	.11428571428571428571	.11684981684981684981	4	35	319	2730
putinhitler	746652122	1.45454545454545454546	.22857142857142857142	.15714285714285714285	8	35	429	2730
putinwarcriminal	746652122	1.63350785340314136142	.11428571428571428571	.06996336996336996336	4	35	191	2730
stopputinnow	746652122	1.44444444444444444455	.11428571428571428571	.07912087912087912087	4	35	216	2730
russiasanctions	746652122	1.47867298578199052141	.11428571428571428571	.07728937728937728937	4	35	211	2730
boycottrussia	746652122	1.50724637681159420295	.11428571428571428571	.07582417582417582417	4	35	207	2730
putinhitler	746652122	1.45454545454545454546	.22857142857142857142	.15714285714285714285	8	35	429	2730
standwithukraine	746652122	.97805642633228840127	.11428571428571428571	.11684981684981684981	4	35	319	2730
putinhitler	746652122	1.45454545454545454546	.22857142857142857142	.15714285714285714285	8	35	429	2730
putinwarcriminal	746652122	1.63350785340314136142	.11428571428571428571	.06996336996336996336	4	35	191	2730
stopputinnow	746652122	1.44444444444444444455	.11428571428571428571	.07912087912087912087	4	35	216	2730
russiasanctions	746652122	1.47867298578199052141	.11428571428571428571	.07728937728937728937	4	35	211	2730
boycottrussia	746652122	1.50724637681159420295	.11428571428571428571	.07582417582417582417	4	35	207	2730
downingstreetparties	775611351792222208	7.37837837837837838031	.10000000000000000000	.01355311355311355311	1	10	37	2730
fbpe	775611351792222208	.92751981879954699887	.30000000000000000000	.32344322344322344322	3	10	883	2730
fbppr	775611351792222208	24.81818181818181818610	.30000000000000000000	.01208791208791208791	3	10	33	2730
followbackfriday	775611351792222208	.93493150684931506849	.30000000000000000000	.32087912087912087912	3	10	876	2730
fbpe	775611351792222208	.92751981879954699887	.30000000000000000000	.32344322344322344322	3	10	883	2730
fbppr	775611351792222208	24.81818181818181818610	.30000000000000000000	.01208791208791208791	3	10	33	2730
followbackfriday	775611351792222208	.93493150684931506849	.30000000000000000000	.32087912087912087912	3	10	876	2730
fbpe	775611351792222208	.92751981879954699887	.30000000000000000000	.32344322344322344322	3	10	883	2730
fbppr	775611351792222208	24.81818181818181818610	.30000000000000000000	.01208791208791208791	3	10	33	2730
followbackfriday	775611351792222208	.93493150684931506849	.30000000000000000000	.32087912087912087912	3	10	876	2730
putinhitler	7767002	1.41414141414141414146	.22222222222222222222	.15714285714285714285	6	27	429	2730
putin	7767002	18.62573099415204678856	.51851851851851851851	.02783882783882783882	14	27	76	2730
genocide	7767002	2.50688705234159779636	.11111111111111111111	.04432234432234432234	3	27	121	2730
standwithukraine	7767002	.95088819226750261237	.11111111111111111111	.11684981684981684981	3	27	319	2730
putinhitler	7767002	1.41414141414141414146	.22222222222222222222	.15714285714285714285	6	27	429	2730
putinwarcrimes	7767002	11.23456790123456791033	.03703703703703703703	.00329670329670329670	1	27	9	2730
stopputinnow	7767002	1.40432098765432098780	.11111111111111111111	.07912087912087912087	3	27	216	2730
putinhitler	7767002	1.41414141414141414146	.22222222222222222222	.15714285714285714285	6	27	429	2730
standwithukraine	7767002	.95088819226750261237	.11111111111111111111	.11684981684981684981	3	27	319	2730
putinhitler	7767002	1.41414141414141414146	.22222222222222222222	.15714285714285714285	6	27	429	2730
putinwarcriminal	7767002	1.05875509016870273424	.07407407407407407407	.06996336996336996336	2	27	191	2730
stopputinnow	7767002	1.40432098765432098780	.11111111111111111111	.07912087912087912087	3	27	216	2730
russiasanctions	7767002	.95839915745129015274	.07407407407407407407	.07728937728937728937	2	27	211	2730
putin	7767002	18.62573099415204678856	.51851851851851851851	.02783882783882783882	14	27	76	2730
genocide	7767002	2.50688705234159779636	.11111111111111111111	.04432234432234432234	3	27	121	2730
gaza	7767002	4.04444444444444444772	.03703703703703703703	.00915750915750915750	1	27	25	2730
idlib	7767002	4.81481481481481481871	.03703703703703703703	.00769230769230769230	1	27	21	2730
yemen	7767002	5.05555555555555555965	.03703703703703703703	.00732600732600732600	1	27	20	2730
mariupol	7767002	4.21296296296296296637	.03703703703703703703	.00879120879120879120	1	27	24	2730
putinhitler	7767002	1.41414141414141414146	.22222222222222222222	.15714285714285714285	6	27	429	2730
standwithukraine	7767002	.95088819226750261237	.11111111111111111111	.11684981684981684981	3	27	319	2730
putinhitler	7767002	1.41414141414141414146	.22222222222222222222	.15714285714285714285	6	27	429	2730
putinwarcriminal	7767002	1.05875509016870273424	.07407407407407407407	.06996336996336996336	2	27	191	2730
stopputinnow	7767002	1.40432098765432098780	.11111111111111111111	.07912087912087912087	3	27	216	2730
russiasanctions	7767002	.95839915745129015274	.07407407407407407407	.07728937728937728937	2	27	211	2730
boycottrussia	7767002	.48845947396672034347	.03703703703703703703	.07582417582417582417	1	27	207	2730
ukraine	79352723	5.87096774193548387166	.20000000000000000000	.03406593406593406593	3	15	93	2730
putinhitler	79352723	1.69696969696969696973	.26666666666666666666	.15714285714285714285	4	15	429	2730
clusterbombs	79352723	182.00000000000000016380	.06666666666666666666	.00036630036630036630	1	15	1	2730
standwithukraine	79352723	1.14106583072100313483	.13333333333333333333	.11684981684981684981	2	15	319	2730
putinhitler	79352723	1.69696969696969696973	.26666666666666666666	.15714285714285714285	4	15	429	2730
putinwarcriminal	79352723	.95287958115183246077	.06666666666666666666	.06996336996336996336	1	15	191	2730
stopputinnow	79352723	1.68518518518518518533	.13333333333333333333	.07912087912087912087	2	15	216	2730
russiasanctions	79352723	1.72511848341232227500	.13333333333333333333	.07728937728937728937	2	15	211	2730
boycottrussia	79352723	1.75845410628019323680	.13333333333333333333	.07582417582417582417	2	15	207	2730
putinhitler	79352723	1.69696969696969696973	.26666666666666666666	.15714285714285714285	4	15	429	2730
standwithukraine	79352723	1.14106583072100313483	.13333333333333333333	.11684981684981684981	2	15	319	2730
putinhitler	79352723	1.69696969696969696973	.26666666666666666666	.15714285714285714285	4	15	429	2730
stopputinnow	79352723	1.68518518518518518533	.13333333333333333333	.07912087912087912087	2	15	216	2730
russiasanctions	79352723	1.72511848341232227500	.13333333333333333333	.07728937728937728937	2	15	211	2730
boycottrussia	79352723	1.75845410628019323680	.13333333333333333333	.07582417582417582417	2	15	207	2730
blocklistenfutter	877968869138329601	52.50000000000000002730	.01923076923076923076	.00036630036630036630	1	52	1	2730
lauterbachbleibt	877968869138329601	17.50000000000000000910	.01923076923076923076	.00109890109890109890	1	52	3	2730
meinminister	877968869138329601	52.50000000000000004095	.03846153846153846153	.00073260073260073260	2	52	2	2730
dankekarl	877968869138329601	35.00000000000000002730	.03846153846153846153	.00109890109890109890	2	52	3	2730
solidaritätmitkarl	877968869138329601	52.50000000000000002730	.01923076923076923076	.00036630036630036630	1	52	1	2730
ichrespektierekarl	877968869138329601	52.50000000000000002730	.01923076923076923076	.00036630036630036630	1	52	1	2730
diemaskebleibtauf	877968869138329601	52.50000000000000005250	.25000000000000000000	.00476190476190476190	13	52	13	2730
impfenschuetzt	877968869138329601	52.50000000000000002730	.01923076923076923076	.00036630036630036630	1	52	1	2730
diemaskebleibtauf	877968869138329601	52.50000000000000005250	.25000000000000000000	.00476190476190476190	13	52	13	2730
impfpflichtab18jetzt	877968869138329601	52.50000000000000004095	.03846153846153846153	.00073260073260073260	2	52	2	2730
covidisnotover	877968869138329601	6.90789473684210526466	.09615384615384615384	.01391941391941391941	5	52	38	2730
fdpunter5prozent	877968869138329601	52.50000000000000004095	.03846153846153846153	.00073260073260073260	2	52	2	2730
fdprausausderregierung	877968869138329601	52.50000000000000004095	.03846153846153846153	.00073260073260073260	2	52	2	2730
fdpkannweg	877968869138329601	52.50000000000000004095	.03846153846153846153	.00073260073260073260	2	52	2	2730
fdprausausdenparlamenten	877968869138329601	52.50000000000000004095	.03846153846153846153	.00073260073260073260	2	52	2	2730
freedomdaystoppen	877968869138329601	52.50000000000000005005	.11538461538461538461	.00219780219780219780	6	52	6	2730
freedummday	877968869138329601	52.50000000000000004777	.07692307692307692307	.00146520146520146520	4	52	4	2730
dankekarl	877968869138329601	35.00000000000000002730	.03846153846153846153	.00109890109890109890	2	52	3	2730
inkarlwetrust	877968869138329601	52.50000000000000002730	.01923076923076923076	.00036630036630036630	1	52	1	2730
meinminister	877968869138329601	52.50000000000000004095	.03846153846153846153	.00073260073260073260	2	52	2	2730
dankedrosten	877968869138329601	26.25000000000000001365	.01923076923076923076	.00073260073260073260	1	52	2	2730
diemaskebleibtauf	877968869138329601	52.50000000000000005250	.25000000000000000000	.00476190476190476190	13	52	13	2730
covidisnotover	877968869138329601	6.90789473684210526466	.09615384615384615384	.01391941391941391941	5	52	38	2730
diemaskebleibtauf	877968869138329601	52.50000000000000005250	.25000000000000000000	.00476190476190476190	13	52	13	2730
impfpflichtab18jetzt	877968869138329601	52.50000000000000004095	.03846153846153846153	.00073260073260073260	2	52	2	2730
covidisnotover	877968869138329601	6.90789473684210526466	.09615384615384615384	.01391941391941391941	5	52	38	2730
fdpunter5prozent	877968869138329601	52.50000000000000004095	.03846153846153846153	.00073260073260073260	2	52	2	2730
fdprausausderregierung	877968869138329601	52.50000000000000004095	.03846153846153846153	.00073260073260073260	2	52	2	2730
fdpkannweg	877968869138329601	52.50000000000000004095	.03846153846153846153	.00073260073260073260	2	52	2	2730
fdprausausdenparlamenten	877968869138329601	52.50000000000000004095	.03846153846153846153	.00073260073260073260	2	52	2	2730
freedomdaystoppen	877968869138329601	52.50000000000000005005	.11538461538461538461	.00219780219780219780	6	52	6	2730
freedummday	877968869138329601	52.50000000000000004777	.07692307692307692307	.00146520146520146520	4	52	4	2730
covidisnotover	877968869138329601	6.90789473684210526466	.09615384615384615384	.01391941391941391941	5	52	38	2730
diemaskebleibtauf	877968869138329601	52.50000000000000005250	.25000000000000000000	.00476190476190476190	13	52	13	2730
freedomdaystoppen	877968869138329601	52.50000000000000005005	.11538461538461538461	.00219780219780219780	6	52	6	2730
diemaskebleibtauf	877968869138329601	52.50000000000000005250	.25000000000000000000	.00476190476190476190	13	52	13	2730
freedomdaystoppen	877968869138329601	52.50000000000000005005	.11538461538461538461	.00219780219780219780	6	52	6	2730
diemaskebleibtauf	877968869138329601	52.50000000000000005250	.25000000000000000000	.00476190476190476190	13	52	13	2730
freedomdaystoppen	877968869138329601	52.50000000000000005005	.11538461538461538461	.00219780219780219780	6	52	6	2730
diemaskebleibtauf	877968869138329601	52.50000000000000005250	.25000000000000000000	.00476190476190476190	13	52	13	2730
covidisnotover	877968869138329601	6.90789473684210526466	.09615384615384615384	.01391941391941391941	5	52	38	2730
freedummday	877968869138329601	52.50000000000000004777	.07692307692307692307	.00146520146520146520	4	52	4	2730
freedomdaystoppen	877968869138329601	52.50000000000000005005	.11538461538461538461	.00219780219780219780	6	52	6	2730
teamvorsicht	877968869138329601	52.50000000000000002730	.01923076923076923076	.00036630036630036630	1	52	1	2730
teamrücksicht	877968869138329601	52.50000000000000002730	.01923076923076923076	.00036630036630036630	1	52	1	2730
freedummday	877968869138329601	52.50000000000000004777	.07692307692307692307	.00146520146520146520	4	52	4	2730
diemaskebleibtauf	877968869138329601	52.50000000000000005250	.25000000000000000000	.00476190476190476190	13	52	13	2730
notowar	877968869138329601	52.50000000000000002730	.01923076923076923076	.00036630036630036630	1	52	1	2730
votefordout	90732175	1.30434782608695652176	.04395604395604395604	.03369963369963369963	4	91	92	2730
nevervoteconservative	90732175	.84112149532710280385	.03296703296703296703	.03919413919413919413	3	91	107	2730
onpoli	90732175	1.48514851485148514866	.05494505494505494505	.03699633699633699633	5	91	101	2730
ltc	90732175	1.15384615384615384720	.01098901098901098901	.00952380952380952380	1	91	26	2730
nurses	90732175	5.45454545454545455041	.02197802197802197802	.00402930402930402930	2	91	11	2730
doctors	90732175	10.00000000000000000910	.02197802197802197802	.00219780219780219780	2	91	6	2730
teachers	90732175	10.00000000000000000910	.01098901098901098901	.00109890109890109890	1	91	3	2730
parents	90732175	15.00000000000000001365	.01098901098901098901	.00073260073260073260	1	91	2	2730
families	90732175	30.00000000000000002730	.01098901098901098901	.00036630036630036630	1	91	1	2730
students	90732175	30.00000000000000002730	.01098901098901098901	.00036630036630036630	1	91	1	2730
vaccinerollout	90732175	30.00000000000000002730	.01098901098901098901	.00036630036630036630	1	91	1	2730
ford	90732175	13.75000000000000001365	.12087912087912087912	.00879120879120879120	11	91	24	2730
cpc	90732175	.96774193548387096777	.01098901098901098901	.01135531135531135531	1	91	31	2730
convoypartyofcanada	90732175	1.07142857142857142850	.01098901098901098901	.01025641025641025641	1	91	28	2730
scheerlosers	90732175	10.00000000000000000910	.01098901098901098901	.00109890109890109890	1	91	3	2730
ukraine	90732175	.32258064516129032259	.01098901098901098901	.03406593406593406593	1	91	93	2730
booster	90732175	9.00000000000000000819	.03296703296703296703	.00366300366300366300	3	91	10	2730
healthcare	90732175	1.15384615384615384720	.01098901098901098901	.00952380952380952380	1	91	26	2730
hospitals	90732175	6.00000000000000000546	.01098901098901098901	.00183150183150183150	1	91	5	2730
nurses	90732175	5.45454545454545455041	.02197802197802197802	.00402930402930402930	2	91	11	2730
doctors	90732175	10.00000000000000000910	.02197802197802197802	.00219780219780219780	2	91	6	2730
education	90732175	1.76470588235294117807	.01098901098901098901	.00622710622710622710	1	91	17	2730
privatizing	90732175	10.00000000000000000910	.01098901098901098901	.00109890109890109890	1	91	3	2730
uk	90732175	15.00000000000000001365	.04395604395604395604	.00293040293040293040	4	91	8	2730
ukparliament	90732175	30.00000000000000002730	.01098901098901098901	.00036630036630036630	1	91	1	2730
covid19	90732175	.32142857142857142855	.03296703296703296703	.10256410256410256410	3	91	280	2730
covid19uk	90732175	30.00000000000000002730	.01098901098901098901	.00036630036630036630	1	91	1	2730
downingstreet	90732175	15.00000000000000001365	.01098901098901098901	.00073260073260073260	1	91	2	2730
borisjohnson	90732175	10.00000000000000000910	.01098901098901098901	.00109890109890109890	1	91	3	2730
bellletstalk	90732175	30.00000000000000002730	.02197802197802197802	.00073260073260073260	2	91	2	2730
mentalhealth	90732175	30.00000000000000002730	.01098901098901098901	.00036630036630036630	1	91	1	2730
truckerconvoy2022	90732175	15.00000000000000001365	.02197802197802197802	.00146520146520146520	2	91	4	2730
freedomrally	90732175	30.00000000000000002730	.01098901098901098901	.00036630036630036630	1	91	1	2730
canadians	90732175	15.00000000000000001365	.01098901098901098901	.00073260073260073260	1	91	2	2730
vaccineswork	90732175	6.00000000000000000546	.01098901098901098901	.00183150183150183150	1	91	5	2730
booster	90732175	9.00000000000000000819	.03296703296703296703	.00366300366300366300	3	91	10	2730
vaccineprrrrrrport	90732175	15.00000000000000001365	.01098901098901098901	.00073260073260073260	1	91	2	2730
vaccinemandate	90732175	3.75000000000000000341	.01098901098901098901	.00293040293040293040	1	91	8	2730
biden	90732175	15.00000000000000001365	.01098901098901098901	.00073260073260073260	1	91	2	2730
scheershit	90732175	30.00000000000000002730	.01098901098901098901	.00036630036630036630	1	91	1	2730
otoole	90732175	15.00000000000000001365	.02197802197802197802	.00146520146520146520	2	91	4	2730
bareshelvesotoole	90732175	30.00000000000000002730	.01098901098901098901	.00036630036630036630	1	91	1	2730
karenconvoy	90732175	30.00000000000000002730	.01098901098901098901	.00036630036630036630	1	91	1	2730
truckersforfreedom	90732175	6.00000000000000000546	.03296703296703296703	.00549450549450549450	3	91	15	2730
cdnpoli	90732175	.48387096774193548388	.01098901098901098901	.02271062271062271062	1	91	62	2730
profits	90732175	2.22222222222222222424	.02197802197802197802	.00989010989010989010	2	91	27	2730
profitsoverpeople	90732175	1.87500000000000000170	.01098901098901098901	.00586080586080586080	1	91	16	2730
votefordout2022	90732175	2.50000000000000000037	.03296703296703296703	.01318681318681318681	3	91	36	2730
votethemallout2022	90732175	2.00000000000000000000	.02197802197802197802	.01098901098901098901	2	91	30	2730
neverforget	90732175	2.81250000000000000015	.03296703296703296703	.01172161172161172161	3	91	32	2730
onpoli	90732175	1.48514851485148514866	.05494505494505494505	.03699633699633699633	5	91	101	2730
distracteddriving	90732175	30.00000000000000002730	.01098901098901098901	.00036630036630036630	1	91	1	2730
dougford	90732175	4.41176470588235294164	.05494505494505494505	.01245421245421245421	5	91	34	2730
alwaysremember	90732175	30.00000000000000002730	.01098901098901098901	.00036630036630036630	1	91	1	2730
neverforget	90732175	2.81250000000000000015	.03296703296703296703	.01172161172161172161	3	91	32	2730
neveragain	90732175	2.50000000000000000227	.01098901098901098901	.00439560439560439560	1	91	12	2730
dougford	90732175	4.41176470588235294164	.05494505494505494505	.01245421245421245421	5	91	34	2730
election2022	90732175	3.75000000000000000341	.01098901098901098901	.00293040293040293040	1	91	8	2730
votefordout2022	90732175	2.50000000000000000037	.03296703296703296703	.01318681318681318681	3	91	36	2730
votethemallout2022	90732175	2.00000000000000000000	.02197802197802197802	.01098901098901098901	2	91	30	2730
nevervoteconservative	90732175	.84112149532710280385	.03296703296703296703	.03919413919413919413	3	91	107	2730
onpoli	90732175	1.48514851485148514866	.05494505494505494505	.03699633699633699633	5	91	101	2730
ontariodeservesbetter	90732175	30.00000000000000002730	.01098901098901098901	.00036630036630036630	1	91	1	2730
schooldays	90732175	30.00000000000000002730	.01098901098901098901	.00036630036630036630	1	91	1	2730
snowday	90732175	10.00000000000000000910	.01098901098901098901	.00109890109890109890	1	91	3	2730
ford	90732175	13.75000000000000001365	.12087912087912087912	.00879120879120879120	11	91	24	2730
whereslecce	90732175	30.00000000000000002730	.01098901098901098901	.00036630036630036630	1	91	1	2730
whereisdougford	90732175	1.87500000000000000170	.01098901098901098901	.00586080586080586080	1	91	16	2730
ontmedia	90732175	30.00000000000000002730	.01098901098901098901	.00036630036630036630	1	91	1	2730
neverforget	90732175	2.81250000000000000015	.03296703296703296703	.01172161172161172161	3	91	32	2730
lecce	90732175	60.00000000000000005460	.02197802197802197802	.00036630036630036630	2	91	1	2730
dougford	90732175	4.41176470588235294164	.05494505494505494505	.01245421245421245421	5	91	34	2730
nickkouvalis	90732175	30.00000000000000002730	.01098901098901098901	.00036630036630036630	1	91	1	2730
nevervoteconservative	90732175	.84112149532710280385	.03296703296703296703	.03919413919413919413	3	91	107	2730
votefordout2022	90732175	2.50000000000000000037	.03296703296703296703	.01318681318681318681	3	91	36	2730
onpoli	90732175	1.48514851485148514866	.05494505494505494505	.03699633699633699633	5	91	101	2730
fullyvaccinated	90732175	6.00000000000000000546	.02197802197802197802	.00366300366300366300	2	91	10	2730
booster	90732175	9.00000000000000000819	.03296703296703296703	.00366300366300366300	3	91	10	2730
vaccine	90732175	37.50000000000000003412	.05494505494505494505	.00146520146520146520	5	91	4	2730
fullyvaccinated	90732175	6.00000000000000000546	.02197802197802197802	.00366300366300366300	2	91	10	2730
covid19	90732175	.32142857142857142855	.03296703296703296703	.10256410256410256410	3	91	280	2730
omicrom	90732175	30.00000000000000002730	.01098901098901098901	.00036630036630036630	1	91	1	2730
omicronisairborne	90732175	30.00000000000000002730	.01098901098901098901	.00036630036630036630	1	91	1	2730
dougford	90732175	4.41176470588235294164	.05494505494505494505	.01245421245421245421	5	91	34	2730
onpoli	90732175	1.48514851485148514866	.05494505494505494505	.03699633699633699633	5	91	101	2730
truckersforfreedom2022	90732175	.96774193548387096777	.01098901098901098901	.01135531135531135531	1	91	31	2730
truckersforfreedom	90732175	6.00000000000000000546	.03296703296703296703	.00549450549450549450	3	91	15	2730
truckerconvoy2022	90732175	15.00000000000000001365	.02197802197802197802	.00146520146520146520	2	91	4	2730
truckers	90732175	3.87096774193548387108	.04395604395604395604	.01135531135531135531	4	91	31	2730
canpoli	90732175	.81081081081081081095	.01098901098901098901	.01355311355311355311	1	91	37	2730
usa	919828292387061761	303.33333333333333363666	1.00000000000000000000	.00329670329670329670	3	3	9	2730
vaccinesideeffects	94350709	70.00000000000000006916	.38461538461538461538	.00549450549450549450	5	13	15	2730
empathy	94350709	105.00000000000000009555	.07692307692307692307	.00073260073260073260	1	13	2	2730
bouncebackbetter	94350709	210.00000000000000019110	.07692307692307692307	.00036630036630036630	1	13	1	2730
vaccinesideeffects	94350709	70.00000000000000006916	.38461538461538461538	.00549450549450549450	5	13	15	2730
stormeunice	94350709	60.00000000000000005850	.15384615384615384615	.00256410256410256410	2	13	7	2730
rare	94350709	70.00000000000000006370	.07692307692307692307	.00109890109890109890	1	13	3	2730
vaccinesideeffects	94350709	70.00000000000000006916	.38461538461538461538	.00549450549450549450	5	13	15	2730
unlucky	94350709	210.00000000000000019110	.07692307692307692307	.00036630036630036630	1	13	1	2730
vaccinesideeffects	94350709	70.00000000000000006916	.38461538461538461538	.00549450549450549450	5	13	15	2730
hijacked	94350709	210.00000000000000019110	.07692307692307692307	.00036630036630036630	1	13	1	2730
mhra	94350709	210.00000000000000019110	.07692307692307692307	.00036630036630036630	1	13	1	2730
mollyslight	956266072440635392	91.00000000000000008190	.03333333333333333333	.00036630036630036630	1	30	1	2730
teammolly	956266072440635392	91.00000000000000000195	.93333333333333333333	.01025641025641025641	28	30	28	2730
mollyswisdom	956266072440635392	91.00000000000000008190	.03333333333333333333	.00036630036630036630	1	30	1	2730
teammolly	956266072440635392	91.00000000000000000195	.93333333333333333333	.01025641025641025641	28	30	28	2730
btc	966695335887241219	65.00000000000000002275	1.00000000000000000000	.01538461538461538461	3	3	42	2730
